cam_id,species,genus,recorded_sex,prediction,confidence,supported,support_rank,screen_status,known_damaged,identity_group
CAM071443,Oleria baizana,Oleria,male,female,0.9938033620516459,True,genus,supported_genus,False,identity:170ea06bd288481b17faa878
CAM070561,Oleria tigilla,Oleria,female,male,0.9857523441314697,True,genus,supported_genus,False,identity:3f8b5988929088af104502d0
CAM071479,Mechanitis messenoides,Mechanitis,male,female,0.8964573740959167,True,genus,supported_genus,False,identity:e5e841ab3be9139abd03b277
CAM070564,Oleria tigilla,Oleria,female,male,0.8219938476880392,True,genus,supported_genus,False,identity:99d21cc18736bbbd279d0b1d
CAM072863,Mechanitis mazaeus,Mechanitis,female,male,0.8076609969139099,True,genus,supported_genus,False,identity:506363aaa6831f0d8a2bff89
CAM072076,Heliconius numata,Heliconius,male,female,0.9931042989095052,False,,no_qualifying_group,False,identity:3e83da7348766ce56d81ef8b
CAM077287,Melinaea satevis,Melinaea,male,female,0.9912296732266744,False,,no_qualifying_group,False,identity:828e7f53f1c9f6a0e7e874b0
CAM071135,Ceratinia tutia,Ceratinia,male,female,0.9849043091138204,False,,no_qualifying_group,False,identity:c274fe522d21d124884a00ea
CAM077576,Hypothyris euclea,Hypothyris,male,female,0.9798262715339661,False,,no_qualifying_group,False,identity:1a9aecc22bbc66d991828fd1
CAM071196,Napeogenes sylphis,Napeogenes,female,male,0.9785854617754618,False,,no_qualifying_group,False,identity:89c287248ada30dd8038ab08
CAM071959,Dryas iulia,Dryas,female,male,0.9737929304440817,False,,no_qualifying_group,False,identity:61661ea5d71dfda52ef58c6e
CAM071633,Scada zibia,Scada,male,female,0.9707930485407511,False,,no_qualifying_group,False,identity:d5e612aab7af57260d37f09e
CAM074887,Heliconius numata,Heliconius,male,female,0.9683736761411031,False,,no_qualifying_group,False,identity:6286557e6b71671c912a5267
CAM071990,Methona confusa,Methona,female,male,0.9665740132331848,False,,no_qualifying_group,False,identity:54fce0532502d7d92e3f5e22
CAM071150,Forbestra olivencia,Forbestra,male,female,0.9644167621930441,False,,no_qualifying_group,False,identity:d258520f23e68e00c9f90d3f
CAM072302,Eresia quintilla,Eresia,female,male,0.9628035624821981,False,,no_qualifying_group,False,identity:5a6a5311132959c0a181a9ff
CAM074897,Napeogenes inachia,Napeogenes,female,male,0.9570329586664835,False,,no_qualifying_group,False,identity:484d90824a7ccc19700ef2fe
CAM071873,Hyposcada schausi,Hyposcada,female,male,0.9429999391237894,False,,no_qualifying_group,False,identity:ed0ee73df3f086c4c10ba4c9
CAM072371,Eresia quintilla,Eresia,female,male,0.9397437969843546,False,,no_qualifying_group,False,identity:ac5a5898f6d25ba2c60d5c10
CAM076805,Methona confusa,Methona,female,male,0.9352917472521464,False,,no_qualifying_group,False,identity:caf6a7daa70c01718f50c470
CAM071305,Ceratinia tutia,Ceratinia,male,female,0.9262857238451639,False,,no_qualifying_group,False,identity:440627b163dd91cf5bd3e19f
CAM071119,Hypothyris ninonia,Hypothyris,female,male,0.9229465325673422,False,,no_qualifying_group,False,identity:1ff15226fac79072272a2004
CAM071639,Scada reckia,Scada,male,female,0.8978280027707418,False,,no_qualifying_group,False,identity:64d56a3e216679a34f348a8b
CAM071754,Eresia quintilla,Eresia,male,female,0.8965254823366801,False,,no_qualifying_group,False,identity:202a71b31681d6fc4f6e57fd
CAM070917,Tithorea harmonia,Tithorea,male,female,0.8765034278233846,False,,no_qualifying_group,False,identity:745673406ecb4742491fc30a
CAM070508,Pteronymia primula,Pteronymia,male,female,0.866826593875885,False,,no_qualifying_group,False,identity:b89f14b447de89221ba64f5a
CAM042396,Hypothyris euclea,Hypothyris,female,male,0.8643147150675455,False,,no_qualifying_group,False,identity:14dea2af7ca76e13f4b9d292
CAM074727,Melinaea menophilus,Melinaea,female,male,0.8593524297078451,False,,no_qualifying_group,False,identity:2ffde0b19b36dcaf32f15cbb
CAM071654,Tithorea harmonia,Tithorea,female,male,0.8579704165458679,False,,no_qualifying_group,False,identity:aec7c47bbcd586dcd8eaa071
CAM074896,Ceratinia tutia,Ceratinia,female,male,0.8521902163823446,False,,no_qualifying_group,False,identity:9dcf112f8d5d8a68718e121c
CAM071752,Eresia quintilla,Eresia,male,female,0.8514493306477865,False,,no_qualifying_group,False,identity:60a788168e87362fac619040
CAM072188,Methona confusa,Methona,female,male,0.8507521748542786,False,,no_qualifying_group,False,identity:bcaf918f71ecd0c835a8bc8d
CAM077701,Pseudoscada florula,Pseudoscada,female,male,0.8443276286125183,False,,no_qualifying_group,False,identity:b78579369cbc5accc87fdbda
CAM070619,Hypothyris fluonia,Hypothyris,female,male,0.8407036662101746,False,,no_qualifying_group,False,identity:125bf58a2dc4ce2a2a8c32ab
CAM071556,Heliconius numata,Heliconius,male,female,0.8404075900713602,False,,no_qualifying_group,False,identity:c7ebcaf0ae10910030747bd8
CAM077577,Ceratinia tutia,Ceratinia,male,female,0.8391527732213339,False,,no_qualifying_group,False,identity:092335b1688e2cc44ea8cdaf
CAM076961,Heliconius erato,Heliconius,male,female,0.8315081795056661,False,,no_qualifying_group,False,identity:e818305a2ba664c21b326498
CAM072191,Methona confusa,Methona,female,male,0.8303298354148865,False,,no_qualifying_group,False,identity:de7f4a08395bc3878f1ec05a
CAM072031,Heliconius numata,Heliconius,male,female,0.8212451537450155,False,,no_qualifying_group,False,identity:ac93f33834997c30c2f25a5f
CAM071217,Hypothyris euclea,Hypothyris,male,female,0.8072999517122904,False,,no_qualifying_group,False,identity:ef32eaa160d86d34eda3284e
CAM077318,Methona confusa,Methona,female,male,0.8048981428146362,False,,no_qualifying_group,False,identity:b78e2fcd1fc402c0d49b0af5
CAM042400,Hypothyris euclea,Hypothyris,male,female,0.7983765204747518,False,,below_confidence,False,identity:baebd8ee8ceb7eaa89db1289
CAM071645,Oleria gunilla,Oleria,female,male,0.7975688179334005,False,,below_confidence,False,identity:c26be3b27311e21409b34749
CAM076834,Dryas iulia,Dryas,female,male,0.7860874136288961,False,,below_confidence,False,identity:0a39a5b7e3b0b90307d4ace9
CAM077482,Aeria eurimedia,Aeria,male,female,0.7807481487592062,False,,below_confidence,False,identity:592569b8e368fdf0b60478b6
CAM076828,Mechanitis mazaeus,Mechanitis,male,female,0.77861487865448,False,,below_confidence,False,identity:cf3880eab378f98e9b5ff96b
CAM071615,Pseudoscada florula,Pseudoscada,male,female,0.7709834774335226,False,,below_confidence,False,identity:771548cb36912c8a0ae281c5
CAM076951,Hypothyris fluonia,Hypothyris,male,female,0.766706128915151,False,,below_confidence,False,identity:750ddce42f5a3660f199df78
CAM077552,Methona confusa,Methona,female,male,0.764274517695109,False,,below_confidence,False,identity:4fb8464432714a003f80dba2
CAM071311,Ceratinia tutia,Ceratinia,female,male,0.7641717394193014,False,,below_confidence,False,identity:d19dc702d750e747b375f281
CAM072112,Napeogenes inachia,Napeogenes,male,female,0.7637748122215271,False,,below_confidence,False,identity:50bdb319aa0149750a1db663
CAM071045,Pseudoscada florula,Pseudoscada,female,male,0.751126766204834,False,,below_confidence,False,identity:ded7ef5482cf8539ce8a98d3
CAM076833,Dryas iulia,Dryas,female,male,0.7429844935735067,False,,below_confidence,False,identity:d88c3be634d830870aa4a2a5
CAM071160,Hypothyris euclea,Hypothyris,female,male,0.7311553160349528,False,,below_confidence,False,identity:4de87064d81b39f0aed86f5b
CAM072148,Oleria tigilla,Oleria,male,female,0.718440035978953,False,,below_confidence,False,identity:0f37e82b7cff3bc9494599df
CAM071032,Pseudoscada florula,Pseudoscada,female,male,0.7157311836878458,False,,below_confidence,False,identity:f254e7c7e4caebff8b05dfcb
CAM071115,Mechanitis messenoides,Mechanitis,female,male,0.7140978773434957,False,,below_confidence,False,identity:04c33ab01add8936202f8740
CAM072167,Oleria onega,Oleria,male,female,0.7133679986000061,False,,below_confidence,False,identity:0743814df8cdc29c793b0eb0
CAM072859,Melinaea satevis,Melinaea,male,female,0.7120863795280457,False,,below_confidence,False,identity:0df3b0adb91a32d603cd5a0a
CAM074585,Heliconius numata,Heliconius,male,female,0.7110205690066019,False,,below_confidence,False,identity:4ab3bba0f16df9d07a82e8c0
CAM071467,Oleria cyrene,Oleria,male,female,0.7097857197125753,False,,below_confidence,False,identity:c608a175186d2582ee8dd03e
CAM071563,Heliconius numata,Heliconius,male,female,0.7066065271695455,False,,below_confidence,False,identity:c8f70c553005d6d9d35072f7
CAM072051,Heliconius numata,Heliconius,male,female,0.7002032597859701,False,,below_confidence,False,identity:e2b1165d845fe343fc794db4
CAM071602,Oleria gunilla,Oleria,female,male,0.6906139850616455,False,,below_confidence,False,identity:8cdaadf38e95ce7877089bf2
CAM074711,Heliconius congener,Heliconius,male,female,0.6891394257545471,False,,below_confidence,False,identity:c4af2b253a9df5e77bce5b6d
CAM077520,Hypothyris anastasia,Hypothyris,male,female,0.6852698723475138,False,,below_confidence,False,identity:435b3dd40d3b66349300fb83
CAM071624,Ithomia salapia,Ithomia,female,male,0.6839569211006165,False,,below_confidence,False,identity:34e8b9afe326cc3e98be487d
CAM077663,Methona grandior,Methona,male,female,0.6822399298350016,False,,below_confidence,False,identity:0ffa8a459154558803474d56
CAM042401,Hypothyris euclea,Hypothyris,male,female,0.6700340112050375,False,,below_confidence,False,identity:8b9930606bb676cfac4795ee
CAM071700,Hypothyris euclea,Hypothyris,female,male,0.6634116570154825,False,,below_confidence,False,identity:2e82f5151e77a24598a2ecbf
CAM070674,Godyris dircenna,Godyris,male,female,0.6630376180013021,False,,below_confidence,False,identity:ac09b98d6d9bf02d38a609e2
CAM074707,Heliconius telesiphe,Heliconius,male,female,0.6521712342898051,False,,below_confidence,False,identity:a7010c00193daeecff131c4d
CAM071389,Oleria cyrene,Oleria,male,female,0.64954807360967,False,,below_confidence,False,identity:84fefe88f4cd25ffd3e05e0e
CAM071951,Oleria zelica,Oleria,female,male,0.6491748889287313,False,,below_confidence,False,identity:679d678a6497f2c957027c08
CAM070506,Pteronymia primula,Pteronymia,female,male,0.6470622420310974,False,,below_confidence,False,identity:aa6189b67a14aa54ee9cfa3e
CAM077467,Methona grandior,Methona,male,female,0.6453233361244202,False,,below_confidence,False,identity:5ce6a99f6c7c81ca4150dabc
CAM076909,Oleria onega,Oleria,female,male,0.6438217560450236,False,,below_confidence,False,identity:f70f663c6683643ea9ca2f72
CAM071662,Ceratinia tutia,Ceratinia,male,female,0.6437853376070658,False,,below_confidence,False,identity:8ed47005f708483a8b41dbf0
CAM072376,Eresia quintilla,Eresia,female,male,0.6375627120335897,False,,below_confidence,False,identity:880c10427b2f9c0eed1aa4d6
CAM071127,Methona confusa,Methona,male,female,0.6372151970863342,False,,below_confidence,False,identity:1fc9477dcadbd8871c7901da
CAM072290,Eresia quintilla,Eresia,male,female,0.6356493830680847,False,,below_confidence,False,identity:7c5673ea3108067368d62ac6
CAM071103,Scada zibia,Scada,male,female,0.6331782142321268,False,,below_confidence,False,identity:b488ab7592209b59c7fa9762
CAM071030,Brevioleria arzalia,Brevioleria,female,male,0.6294130881627401,False,,below_confidence,False,identity:870f43b444ff864240766ad3
CAM071099,Ceratinia tutia,Ceratinia,male,female,0.6259845693906149,False,,below_confidence,False,identity:ab2eeeb46fc48cf379f3f8a2
CAM071245,Napeogenes duessa,Napeogenes,male,female,0.6185732881228129,False,,below_confidence,False,identity:72d07c795d4e11c51517dbd0
CAM071468,Oleria cyrene,Oleria,male,female,0.618535061677297,False,,below_confidence,False,identity:d165a43c18f4e0c5f2c1f792
CAM077281,Heliconius numata,Heliconius,female,male,0.6150583426157633,False,,below_confidence,False,identity:7386dcbaa8087d142fb0e30b
CAM070948,Melinaea menophilus,Melinaea,female,male,0.614844799041748,False,,known_damaged_image,True,identity:3148614a64459cbab9e2701e
CAM071014,Methona confusa,Methona,male,female,0.6119412978490194,False,,below_confidence,False,identity:428326dfb5c191659e84174a
CAM077592,Napeogenes inachia,Napeogenes,male,female,0.6041823426882426,False,,below_confidence,False,identity:62da8f1203bec37b92444c2a
CAM077523,Heliconius numata,Heliconius,female,male,0.6000421444574991,False,,below_confidence,False,identity:b7eaf1b92f48b10ccdab1349
CAM072053,Heliconius numata,Heliconius,male,female,0.5974587599436442,False,,below_confidence,False,identity:184e86f36c88782a88cc50a1
CAM074793,Heliconius telesiphe,Heliconius,male,female,0.5973726113637289,False,,below_confidence,False,identity:412c1ee244f1d24ea0a03107
CAM077250,Dryas iulia,Dryas,female,male,0.5972399413585663,False,,below_confidence,False,identity:af357895f35f8c6fc8fbb6da
CAM072514,Godyris zavaleta,Godyris,male,female,0.5967785914738973,False,,below_confidence,False,identity:a731be1f47fddf1a3f900e55
CAM077559,Dryas iulia,Dryas,male,female,0.5963171521822611,False,,below_confidence,False,identity:1f564c14b24a0eeeee99febd
CAM077165,Brevioleria arzalia,Brevioleria,male,female,0.5924820105234782,False,,below_confidence,False,identity:478259c7d1eb02f0b9498a30
CAM077652,Heliconius numata,Heliconius,female,male,0.5913384755452474,False,,below_confidence,False,identity:ef8eecb20badd609c0fb8c31
CAM074632,Ceratinia tutia,Ceratinia,female,male,0.5909336606661478,False,,below_confidence,False,identity:eb394cd4f7a22c16c7b8d380
CAM071095,Ceratinia tutia,Ceratinia,female,male,0.5900206168492635,False,,below_confidence,False,identity:06b2dec05ffe9dcec9c4ec0e
CAM070559,Oleria gunilla,Oleria,female,male,0.5872677763303121,False,,below_confidence,False,identity:85dfa0734a7b89bc27e238b3
CAM072666,Napeogenes inachia,Napeogenes,male,female,0.5837725202242533,False,,below_confidence,False,identity:414a23d372fc832bc4e9baed
CAM072189,Heliconius numata,Heliconius,female,male,0.5812892317771912,False,,below_confidence,False,identity:6539a45442b4672032631788
CAM072081,Napeogenes inachia,Napeogenes,female,male,0.5774077574412028,False,,below_confidence,False,identity:0ad631d3c491a6682ef921f6
CAM071213,Tithorea harmonia,Tithorea,male,female,0.5706252455711365,False,,below_confidence,False,identity:320462d4872ff8691b4b1294
CAM072303,Eresia quintilla,Eresia,male,female,0.5645484725634257,False,,below_confidence,False,identity:c272693daeca48c010f4f974
CAM071945,Heliconius eleuchia,Heliconius,female,male,0.5645122329394022,False,,below_confidence,False,identity:e5ec8505499e2e7540878035
CAM072742,Napeogenes sylphis,Napeogenes,female,male,0.5593678653240204,False,,below_confidence,False,identity:1b83dd7f4da3d968c1f2af02
CAM074708,Heliconius telesiphe,Heliconius,male,female,0.5575299064318339,False,,below_confidence,False,identity:148b0020f22487eb7e7d8146
CAM077653,Oleria tigilla,Oleria,male,female,0.5519822041193644,False,,below_confidence,False,identity:efefc29a0513ff3419516b6d
CAM072086,Heliconius numata,Heliconius,female,male,0.549728790918986,False,,below_confidence,False,identity:fc5c7d9c2bbe86e954066273
CAM072327,Godyris zavaleta,Godyris,male,female,0.5487646957238516,False,,below_confidence,False,identity:5ae4032253d8f290866bd3c5
CAM071657,Ithomia salapia,Ithomia,female,male,0.545568843682607,False,,below_confidence,False,identity:abdef7fe719be6e3afea0b4c
CAM071287,Godyris zavaleta,Godyris,male,female,0.5449261864026388,False,,below_confidence,False,identity:ffbf697f69afdd5f96fc9ece
CAM077324,Heliconius numata,Heliconius,female,male,0.5416638255119324,False,,below_confidence,False,identity:ab645332ac5739823f15d08e
CAM071811,Heliconius eleuchia,Heliconius,male,female,0.5395111540953318,False,,below_confidence,False,identity:46d8e8230fe2d0281d894b9c
CAM071404,Heliconius telesiphe,Heliconius,female,male,0.5386703014373779,False,,below_confidence,False,identity:bf98891cce44c258cfe2eaa1
CAM071364,Heliconius melpomene,Heliconius,male,female,0.53367480635643,False,,below_confidence,False,identity:8562b67666670ecc78e68932
CAM074556,Oleria gunilla,Oleria,male,female,0.5335245529810587,False,,below_confidence,False,identity:5675751f8f9197bf5fe3307a
CAM074733,Heliconius telesiphe,Heliconius,male,female,0.5239270031452179,False,,below_confidence,False,identity:4573c5025e5195af6d2f7a4a
CAM077480,Aeria eurimedia,Aeria,male,female,0.5217915972073873,False,,below_confidence,False,identity:0023ca62fa422b0b1a36ee76
CAM074684,Melinaea menophilus,Melinaea,female,male,0.5161265730857849,False,,below_confidence,False,identity:4dff6814c4eea4a12a36636a
CAM071607,Tithorea harmonia,Tithorea,female,male,0.5135753949483236,False,,below_confidence,False,identity:9ad3899b78e002aa3ff861f8
CAM072584,Methona confusa,Methona,male,female,0.5070440272490183,False,,below_confidence,False,identity:8a118a600736e193e1512307
CAM071850,Heliconius eleuchia,Heliconius,male,female,0.5029444992542267,False,,below_confidence,False,identity:1a25efd9f32dc7801c7caa70
CAM074368,Mechanitis mazaeus,Mechanitis,female,male,0.502220501502355,False,,below_confidence,False,identity:3196353d7a15181470d33aef
