rank,taxon,valid_taxon,total_exact_pair,accepted_at_confidence,accepted_fraction,qualifies,raw_n,raw_female_n,raw_male_n,raw_female_correct,raw_female_recall,raw_female_recall_wilson_low,raw_female_recall_wilson_high,raw_male_correct,raw_male_recall,raw_male_recall_wilson_low,raw_male_recall_wilson_high,raw_correct,raw_accuracy,raw_accuracy_wilson_low,raw_accuracy_wilson_high,raw_balanced_accuracy,raw_balanced_accuracy_descriptive_low,raw_balanced_accuracy_descriptive_high,raw_near_chance_evidence,raw_chance_note,accepted_n,accepted_female_n,accepted_male_n,accepted_female_correct,accepted_female_recall,accepted_female_recall_wilson_low,accepted_female_recall_wilson_high,accepted_male_correct,accepted_male_recall,accepted_male_recall_wilson_low,accepted_male_recall_wilson_high,accepted_correct,accepted_accuracy,accepted_accuracy_wilson_low,accepted_accuracy_wilson_high,accepted_balanced_accuracy,accepted_balanced_accuracy_descriptive_low,accepted_balanced_accuracy_descriptive_high,accepted_near_chance_evidence,accepted_chance_note
species,Aeria eurimedia,True,9,6,0.6666666666666666,False,9,4,5,4,1.0,0.5101091635454027,1.0,3,0.6,0.2307242812760128,0.882379225767352,7,0.7777777777777778,0.45258896910698887,0.9367748928821533,0.8,0.3704167224107078,0.941189612883676,descriptive_interval_includes_0.5,Descriptive Wilson-derived bounds; this is not an equivalence or hypothesis test.,6,3,3,3,1.0,0.4385029682449546,1.0,3,1.0,0.4385029682449546,1.0,6,1.0,0.6096657120978346,1.0,1.0,0.4385029682449546,1.0,descriptive_interval_includes_0.5,Descriptive Wilson-derived bounds; this is not an equivalence or hypothesis test.
species,Brevioleria aelia,True,9,7,0.7777777777777778,False,9,2,7,2,1.0,0.34238022750665303,1.0,7,1.0,0.6456695649333126,1.0,9,1.0,0.7008549515804559,1.0,1.0,0.4940248962199828,1.0,descriptive_interval_includes_0.5,Descriptive Wilson-derived bounds; this is not an equivalence or hypothesis test.,7,2,5,2,1.0,0.34238022750665303,1.0,5,1.0,0.5655175352168251,1.0,7,1.0,0.6456695649333126,1.0,1.0,0.45394888136173905,1.0,descriptive_interval_includes_0.5,Descriptive Wilson-derived bounds; this is not an equivalence or hypothesis test.
species,Brevioleria arzalia,True,9,5,0.5555555555555556,False,9,4,5,3,0.75,0.30064184258240184,0.9544127391902995,4,0.8,0.37553462976252533,0.9637758913675698,7,0.7777777777777778,0.45258896910698887,0.9367748928821533,0.775,0.3380882361724636,0.9590943152789346,descriptive_interval_includes_0.5,Descriptive Wilson-derived bounds; this is not an equivalence or hypothesis test.,5,2,3,2,1.0,0.34238022750665303,1.0,3,1.0,0.4385029682449546,1.0,5,1.0,0.5655175352168251,1.0,1.0,0.3904415978758038,1.0,descriptive_interval_includes_0.5,Descriptive Wilson-derived bounds; this is not an equivalence or hypothesis test.
species,Ceratinia tutia,True,38,27,0.7105263157894737,False,38,24,14,20,0.8333333333333334,0.6414692935030095,0.9332132367136705,9,0.6428571428571429,0.38764423103907397,0.8365526824644587,29,0.7631578947368421,0.607931876367602,0.8700629298294591,0.7380952380952381,0.5145567622710417,0.8848829595890646,descriptive_interval_above_0.5,Descriptive Wilson-derived bounds; this is not an equivalence or hypothesis test.,27,18,9,17,0.9444444444444444,0.7424269921812741,0.990124809021697,6,0.6666666666666666,0.3542021355803963,0.879416181613089,23,0.8518518518518519,0.6752131457218702,0.9408407222375568,0.8055555555555556,0.5483145638808352,0.934770495317393,descriptive_interval_above_0.5,Descriptive Wilson-derived bounds; this is not an equivalence or hypothesis test.
species,Dryas iulia,True,16,5,0.3125,False,16,8,8,4,0.5,0.21521606221387757,0.7847839377861224,7,0.875,0.5291118177871464,0.9775825085499433,11,0.6875,0.44404355834740666,0.8583535614521796,0.6875,0.372163940000512,0.8811832231680329,descriptive_interval_includes_0.5,Descriptive Wilson-derived bounds; this is not an equivalence or hypothesis test.,5,1,4,0,0.0,0.0,0.7934506856227626,4,1.0,0.5101091635454027,1.0,4,0.8,0.37553462976252533,0.9637758913675698,0.5,0.25505458177270135,0.8967253428113813,descriptive_interval_includes_0.5,Descriptive Wilson-derived bounds; this is not an equivalence or hypothesis test.
species,Eresia quintilla,True,11,4,0.36363636363636365,False,11,4,7,1,0.25,0.04558726080970055,0.6993581574175981,3,0.42857142857142855,0.15821985525146975,0.7495416354723428,4,0.36363636363636365,0.15166471095367573,0.6461988254921511,0.3392857142857143,0.10190355803058515,0.7244498964449704,descriptive_interval_includes_0.5,Descriptive Wilson-derived bounds; this is not an equivalence or hypothesis test.,4,2,2,0,0.0,0.0,0.6576197724933469,0,0.0,0.0,0.6576197724933469,0,0.0,0.0,0.4898908364545973,0.0,0.0,0.6576197724933469,descriptive_interval_includes_0.5,Descriptive Wilson-derived bounds; this is not an equivalence or hypothesis test.
species,Forbestra olivencia,True,26,25,0.9615384615384616,False,26,11,15,11,1.0,0.7411670330319684,1.0,14,0.9333333333333333,0.7018347012621998,0.9881331045067315,25,0.9615384615384616,0.8110722109696524,0.9931780150064564,0.9666666666666667,0.7215008671470842,0.9940665522533658,descriptive_interval_above_0.5,Descriptive Wilson-derived bounds; this is not an equivalence or hypothesis test.,25,10,15,10,1.0,0.7224672001371107,0.9999999999999999,14,0.9333333333333333,0.7018347012621998,0.9881331045067315,24,0.96,0.8045593626380625,0.9929037664980127,0.9666666666666667,0.7121509506996553,0.9940665522533657,descriptive_interval_above_0.5,Descriptive Wilson-derived bounds; this is not an equivalence or hypothesis test.
species,Godyris dircenna,True,14,8,0.5714285714285714,False,14,11,3,11,1.0,0.7411670330319684,1.0,2,0.6666666666666666,0.2076596008020477,0.9385080552796037,13,0.9285714285714286,0.6853129557584889,0.9872777847521093,0.8333333333333333,0.47441331691700805,0.9692540276398018,descriptive_interval_includes_0.5,Descriptive Wilson-derived bounds; this is not an equivalence or hypothesis test.,8,8,0,8,1.0,0.6755924351161198,1.0,0,,,,8,1.0,0.6755924351161198,1.0,,,,insufficient_both_sexes,Descriptive Wilson-derived bounds; this is not an equivalence or hypothesis test.
species,Godyris zavaleta,True,48,40,0.8333333333333334,False,48,32,16,32,1.0,0.8928208017449293,1.0,13,0.8125,0.5699111903802586,0.9340840092857187,45,0.9375,0.8316456194505365,0.9785167670916107,0.90625,0.731365996062594,0.9670420046428594,descriptive_interval_above_0.5,Descriptive Wilson-derived bounds; this is not an equivalence or hypothesis test.,40,30,10,30,1.0,0.8864866068260312,0.9999999999999999,10,1.0,0.7224672001371107,0.9999999999999999,40,1.0,0.9123783988027135,1.0,1.0,0.804476903481571,0.9999999999999999,descriptive_interval_above_0.5,Descriptive Wilson-derived bounds; this is not an equivalence or hypothesis test.
species,Heliconius congener,True,16,6,0.375,False,16,6,10,6,1.0,0.6096657120978346,1.0,9,0.9,0.5958499732047615,0.9821237869049271,15,0.9375,0.7167126242970107,0.9888806552353576,0.95,0.6027578426512981,0.9910618934524635,descriptive_interval_above_0.5,Descriptive Wilson-derived bounds; this is not an equivalence or hypothesis test.,6,1,5,1,1.0,0.20654931437723745,1.0,5,1.0,0.5655175352168251,1.0,6,1.0,0.6096657120978346,1.0,1.0,0.3860334247970313,1.0,descriptive_interval_includes_0.5,Descriptive Wilson-derived bounds; this is not an equivalence or hypothesis test.
species,Heliconius eleuchia,True,9,3,0.3333333333333333,False,9,5,4,4,0.8,0.37553462976252533,0.9637758913675698,2,0.5,0.15003898915214947,0.8499610108478506,6,0.6666666666666666,0.3542021355803963,0.879416181613089,0.65,0.2627868094573374,0.9068684511077102,descriptive_interval_includes_0.5,Descriptive Wilson-derived bounds; this is not an equivalence or hypothesis test.,3,2,1,2,1.0,0.34238022750665303,1.0,1,1.0,0.20654931437723745,1.0,3,1.0,0.4385029682449546,1.0,1.0,0.2744647709419452,1.0,descriptive_interval_includes_0.5,Descriptive Wilson-derived bounds; this is not an equivalence or hypothesis test.
species,Heliconius erato,True,6,4,0.6666666666666666,False,6,5,1,5,1.0,0.5655175352168251,1.0,0,0.0,0.0,0.7934506856227626,5,0.8333333333333334,0.43649717781352987,0.9699466302516935,0.5,0.28275876760841256,0.8967253428113813,descriptive_interval_includes_0.5,Descriptive Wilson-derived bounds; this is not an equivalence or hypothesis test.,4,3,1,3,1.0,0.4385029682449546,1.0,0,0.0,0.0,0.7934506856227626,3,0.75,0.30064184258240184,0.9544127391902995,0.5,0.2192514841224773,0.8967253428113813,descriptive_interval_includes_0.5,Descriptive Wilson-derived bounds; this is not an equivalence or hypothesis test.
species,Heliconius melpomene,True,22,18,0.8181818181818182,False,22,6,16,6,1.0,0.6096657120978346,1.0,15,0.9375,0.7167126242970107,0.9888806552353576,21,0.9545454545454546,0.7820195416134267,0.991930572378736,0.96875,0.6631891681974227,0.9944403276176788,descriptive_interval_above_0.5,Descriptive Wilson-derived bounds; this is not an equivalence or hypothesis test.,18,5,13,5,1.0,0.5655175352168251,1.0,13,1.0,0.7719046276458016,0.9999999999999999,18,1.0,0.8241207763533425,1.0,1.0,0.6687110814313133,1.0,descriptive_interval_above_0.5,Descriptive Wilson-derived bounds; this is not an equivalence or hypothesis test.
species,Heliconius numata,True,43,19,0.4418604651162791,False,43,23,20,17,0.7391304347826086,0.5352999516257462,0.8745138395501366,12,0.6,0.3865815007622531,0.781193467627183,29,0.6744186046511628,0.5251621096752948,0.7950670287343129,0.6695652173913043,0.4609407261939996,0.8278536535886598,descriptive_interval_includes_0.5,Descriptive Wilson-derived bounds; this is not an equivalence or hypothesis test.,19,11,8,11,1.0,0.7411670330319684,1.0,4,0.5,0.21521606221387757,0.7847839377861224,15,0.7894736842105263,0.5666572155618583,0.9149232336708375,0.75,0.478191547622923,0.8923919688930613,descriptive_interval_includes_0.5,Descriptive Wilson-derived bounds; this is not an equivalence or hypothesis test.
species,Heliconius telesiphe,True,12,0,0.0,False,12,5,7,4,0.8,0.37553462976252533,0.9637758913675698,3,0.42857142857142855,0.15821985525146975,0.7495416354723428,7,0.5833333333333334,0.31951131254954973,0.8067396863412435,0.6142857142857143,0.2668772425069975,0.8566587634199563,descriptive_interval_includes_0.5,Descriptive Wilson-derived bounds; this is not an equivalence or hypothesis test.,0,0,0,0,,,,0,,,,0,,,,,,,insufficient_both_sexes,Descriptive Wilson-derived bounds; this is not an equivalence or hypothesis test.
species,Heterosais nephele,True,8,8,1.0,False,8,3,5,3,1.0,0.4385029682449546,1.0,5,1.0,0.5655175352168251,1.0,8,1.0,0.6755924351161198,1.0,1.0,0.5020102517308899,1.0,descriptive_interval_above_0.5,Descriptive Wilson-derived bounds; this is not an equivalence or hypothesis test.,8,3,5,3,1.0,0.4385029682449546,1.0,5,1.0,0.5655175352168251,1.0,8,1.0,0.6755924351161198,1.0,1.0,0.5020102517308899,1.0,descriptive_interval_above_0.5,Descriptive Wilson-derived bounds; this is not an equivalence or hypothesis test.
species,Hyalyris oulita,True,10,9,0.9,False,10,6,4,6,1.0,0.6096657120978346,1.0,4,1.0,0.5101091635454027,1.0,10,1.0,0.7224672001371107,0.9999999999999999,1.0,0.5598874378216186,1.0,descriptive_interval_above_0.5,Descriptive Wilson-derived bounds; this is not an equivalence or hypothesis test.,9,6,3,6,1.0,0.6096657120978346,1.0,3,1.0,0.4385029682449546,1.0,9,1.0,0.7008549515804559,1.0,1.0,0.5240843401713946,1.0,descriptive_interval_above_0.5,Descriptive Wilson-derived bounds; this is not an equivalence or hypothesis test.
species,Hypoleria lavinia,True,1,1,1.0,False,1,1,0,1,1.0,0.20654931437723745,1.0,0,,,,1,1.0,0.20654931437723745,1.0,,,,insufficient_both_sexes,Descriptive Wilson-derived bounds; this is not an equivalence or hypothesis test.,1,1,0,1,1.0,0.20654931437723745,1.0,0,,,,1,1.0,0.20654931437723745,1.0,,,,insufficient_both_sexes,Descriptive Wilson-derived bounds; this is not an equivalence or hypothesis test.
species,Hypomenitis libethris,True,8,5,0.625,False,8,6,2,6,1.0,0.6096657120978346,1.0,2,1.0,0.34238022750665303,1.0,8,1.0,0.6755924351161198,1.0,1.0,0.4760229698022438,1.0,descriptive_interval_includes_0.5,Descriptive Wilson-derived bounds; this is not an equivalence or hypothesis test.,5,3,2,3,1.0,0.4385029682449546,1.0,2,1.0,0.34238022750665303,1.0,5,1.0,0.5655175352168251,1.0,1.0,0.3904415978758038,1.0,descriptive_interval_includes_0.5,Descriptive Wilson-derived bounds; this is not an equivalence or hypothesis test.
species,Hyposcada illinissa,True,14,11,0.7857142857142857,False,14,8,6,8,1.0,0.6755924351161198,1.0,6,1.0,0.6096657120978346,1.0,14,1.0,0.7846891972623643,1.0,1.0,0.6426290736069772,1.0,descriptive_interval_above_0.5,Descriptive Wilson-derived bounds; this is not an equivalence or hypothesis test.,11,6,5,6,1.0,0.6096657120978346,1.0,5,1.0,0.5655175352168251,1.0,11,1.0,0.7411670330319684,1.0,1.0,0.5875916236573299,1.0,descriptive_interval_above_0.5,Descriptive Wilson-derived bounds; this is not an equivalence or hypothesis test.
species,Hyposcada schausi,True,12,10,0.8333333333333334,False,12,5,7,4,0.8,0.37553462976252533,0.9637758913675698,7,1.0,0.6456695649333126,1.0,11,0.9166666666666666,0.646120088858883,0.9851349055950829,0.9,0.510602097347919,0.9818879456837849,descriptive_interval_above_0.5,Descriptive Wilson-derived bounds; this is not an equivalence or hypothesis test.,10,3,7,2,0.6666666666666666,0.2076596008020477,0.9385080552796037,7,1.0,0.6456695649333126,1.0,9,0.9,0.5958499732047615,0.9821237869049271,0.8333333333333333,0.42666458286768016,0.9692540276398018,descriptive_interval_includes_0.5,Descriptive Wilson-derived bounds; this is not an equivalence or hypothesis test.
species,Hypothyris anastasia,True,35,25,0.7142857142857143,False,35,18,17,18,1.0,0.8241207763533425,1.0,16,0.9411764705882353,0.7301796936242461,0.9895395990150025,34,0.9714285714285714,0.8546691276638632,0.9949385081445556,0.9705882352941176,0.7771502349887942,0.9947697995075013,descriptive_interval_above_0.5,Descriptive Wilson-derived bounds; this is not an equivalence or hypothesis test.,25,14,11,14,1.0,0.7846891972623643,1.0,11,1.0,0.7411670330319684,1.0,25,1.0,0.8668077490609515,0.9999999999999999,1.0,0.7629281151471663,1.0,descriptive_interval_above_0.5,Descriptive Wilson-derived bounds; this is not an equivalence or hypothesis test.
species,Hypothyris euclea,True,78,70,0.8974358974358975,False,78,67,11,64,0.9552238805970149,0.8764216691090624,0.9846560248779613,7,0.6363636363636364,0.35380117450784887,0.8483352890463243,71,0.9102564102564102,0.8261527543939476,0.9558469914832263,0.7957937584803256,0.6151114218084557,0.9164956569621427,descriptive_interval_above_0.5,Descriptive Wilson-derived bounds; this is not an equivalence or hypothesis test.,70,64,6,63,0.984375,0.9166589839990573,0.9972364580766624,4,0.6666666666666666,0.299993315138392,0.9032285888942195,67,0.9571428571428572,0.8814033125147246,0.9853184589958887,0.8255208333333333,0.6083261495687247,0.950232523485441,descriptive_interval_above_0.5,Descriptive Wilson-derived bounds; this is not an equivalence or hypothesis test.
species,Hypothyris fluonia,True,16,13,0.8125,False,16,11,5,10,0.9090909090909091,0.6226415635484043,0.9837678271141151,4,0.8,0.37553462976252533,0.9637758913675698,14,0.875,0.639771727342413,0.9650225122567595,0.8545454545454545,0.49908809665546483,0.9737718592408424,descriptive_interval_includes_0.5,Descriptive Wilson-derived bounds; this is not an equivalence or hypothesis test.,13,9,4,8,0.8888888888888888,0.5650002944233439,0.9801091123614551,4,1.0,0.5101091635454027,1.0,12,0.9230769230769231,0.6668604907890041,0.9862895787574435,0.9444444444444444,0.5375547289843733,0.9900545561807276,descriptive_interval_above_0.5,Descriptive Wilson-derived bounds; this is not an equivalence or hypothesis test.
species,Hypothyris mansuetus,True,15,12,0.8,False,15,8,7,8,1.0,0.6755924351161198,1.0,7,1.0,0.6456695649333126,1.0,15,1.0,0.7961166989641515,1.0,1.0,0.6606310000247162,1.0,descriptive_interval_above_0.5,Descriptive Wilson-derived bounds; this is not an equivalence or hypothesis test.,12,6,6,6,1.0,0.6096657120978346,1.0,6,1.0,0.6096657120978346,1.0,12,1.0,0.7575059933447592,1.0,1.0,0.6096657120978346,1.0,descriptive_interval_above_0.5,Descriptive Wilson-derived bounds; this is not an equivalence or hypothesis test.
species,Hypothyris ninonia,True,17,17,1.0,False,17,12,5,11,0.9166666666666666,0.646120088858883,0.9851349055950829,5,1.0,0.5655175352168251,1.0,16,0.9411764705882353,0.7301796936242461,0.9895395990150025,0.9583333333333333,0.605818812037854,0.9925674527975414,descriptive_interval_above_0.5,Descriptive Wilson-derived bounds; this is not an equivalence or hypothesis test.,17,12,5,11,0.9166666666666666,0.646120088858883,0.9851349055950829,5,1.0,0.5655175352168251,1.0,16,0.9411764705882353,0.7301796936242461,0.9895395990150025,0.9583333333333333,0.605818812037854,0.9925674527975414,descriptive_interval_above_0.5,Descriptive Wilson-derived bounds; this is not an equivalence or hypothesis test.
species,Ithomia agnosia,True,8,5,0.625,False,8,4,4,4,1.0,0.5101091635454027,1.0,4,1.0,0.5101091635454027,1.0,8,1.0,0.6755924351161198,1.0,1.0,0.5101091635454027,1.0,descriptive_interval_above_0.5,Descriptive Wilson-derived bounds; this is not an equivalence or hypothesis test.,5,2,3,2,1.0,0.34238022750665303,1.0,3,1.0,0.4385029682449546,1.0,5,1.0,0.5655175352168251,1.0,1.0,0.3904415978758038,1.0,descriptive_interval_includes_0.5,Descriptive Wilson-derived bounds; this is not an equivalence or hypothesis test.
species,Ithomia diasia,True,5,4,0.8,False,5,4,1,4,1.0,0.5101091635454027,1.0,1,1.0,0.20654931437723745,1.0,5,1.0,0.5655175352168251,1.0,1.0,0.3583292389613201,1.0,descriptive_interval_includes_0.5,Descriptive Wilson-derived bounds; this is not an equivalence or hypothesis test.,4,3,1,3,1.0,0.4385029682449546,1.0,1,1.0,0.20654931437723745,1.0,4,1.0,0.5101091635454027,1.0,1.0,0.322526141311096,1.0,descriptive_interval_includes_0.5,Descriptive Wilson-derived bounds; this is not an equivalence or hypothesis test.
species,Ithomia salapia,True,80,65,0.8125,True,80,37,43,35,0.9459459459459459,0.822953456491869,0.9850490231668423,43,1.0,0.9179901967742088,1.0,78,0.975,0.9133556701442198,0.9931171067970292,0.972972972972973,0.8704718266330389,0.9925245115834211,descriptive_interval_above_0.5,Descriptive Wilson-derived bounds; this is not an equivalence or hypothesis test.,65,29,36,29,1.0,0.8830302015002593,1.0,36,1.0,0.9035813714055363,1.0,65,1.0,0.9441984686771432,1.0,1.0,0.8933057864528978,1.0,descriptive_interval_above_0.5,Descriptive Wilson-derived bounds; this is not an equivalence or hypothesis test.
species,Mechanitis mazaeus,True,42,35,0.8333333333333334,False,42,24,18,22,0.9166666666666666,0.741511978067893,0.9768411847029567,17,0.9444444444444444,0.7424269921812741,0.990124809021697,39,0.9285714285714286,0.8099057319884169,0.9754095901266941,0.9305555555555556,0.7419694851245835,0.9834829968623269,descriptive_interval_above_0.5,Descriptive Wilson-derived bounds; this is not an equivalence or hypothesis test.,35,19,16,18,0.9473684210526315,0.753612688331012,0.9906480059376995,16,1.0,0.8063923194655637,1.0,34,0.9714285714285714,0.8546691276638632,0.9949385081445556,0.9736842105263157,0.7800025038982878,0.9953240029688497,descriptive_interval_above_0.5,Descriptive Wilson-derived bounds; this is not an equivalence or hypothesis test.
species,Mechanitis messenoides,True,27,23,0.8518518518518519,False,27,13,14,12,0.9230769230769231,0.6668604907890041,0.9862895787574435,13,0.9285714285714286,0.6853129557584889,0.9872777847521093,25,0.9259259259259259,0.7663040731697686,0.9794453459390113,0.9258241758241759,0.6760867232737465,0.9867836817547764,descriptive_interval_above_0.5,Descriptive Wilson-derived bounds; this is not an equivalence or hypothesis test.,23,9,14,9,1.0,0.7008549515804559,1.0,13,0.9285714285714286,0.6853129557584889,0.9872777847521093,22,0.9565217391304348,0.7900884492974114,0.9922833338565469,0.9642857142857143,0.6930839536694724,0.9936388923760546,descriptive_interval_above_0.5,Descriptive Wilson-derived bounds; this is not an equivalence or hypothesis test.
species,Mechanitis polymnia,True,67,67,1.0,False,67,19,48,19,1.0,0.8318207759473837,1.0,48,1.0,0.9258998703338824,0.9999999999999999,67,1.0,0.9457738606086981,0.9999999999999998,1.0,0.8788603231406331,1.0,descriptive_interval_above_0.5,Descriptive Wilson-derived bounds; this is not an equivalence or hypothesis test.,67,19,48,19,1.0,0.8318207759473837,1.0,48,1.0,0.9258998703338824,0.9999999999999999,67,1.0,0.9457738606086981,0.9999999999999998,1.0,0.8788603231406331,1.0,descriptive_interval_above_0.5,Descriptive Wilson-derived bounds; this is not an equivalence or hypothesis test.
species,Melinaea isocomma,True,15,13,0.8666666666666667,False,15,6,9,6,1.0,0.6096657120978346,1.0,9,1.0,0.7008549515804559,1.0,15,1.0,0.7961166989641515,1.0,1.0,0.6552603318391452,1.0,descriptive_interval_above_0.5,Descriptive Wilson-derived bounds; this is not an equivalence or hypothesis test.,13,4,9,4,1.0,0.5101091635454027,1.0,9,1.0,0.7008549515804559,1.0,13,1.0,0.7719046276458016,0.9999999999999999,1.0,0.6054820575629293,1.0,descriptive_interval_above_0.5,Descriptive Wilson-derived bounds; this is not an equivalence or hypothesis test.
species,Melinaea menophilus,True,7,5,0.7142857142857143,False,7,3,4,1,0.3333333333333333,0.06149194472039621,0.7923403991979522,4,1.0,0.5101091635454027,1.0,5,0.7142857142857143,0.35893445183261935,0.9177810759959433,0.6666666666666666,0.28580055413289945,0.8961701995989761,descriptive_interval_includes_0.5,Descriptive Wilson-derived bounds; this is not an equivalence or hypothesis test.,5,2,3,1,0.5,0.09453120573423074,0.9054687942657693,3,1.0,0.4385029682449546,1.0,4,0.8,0.37553462976252533,0.9637758913675698,0.75,0.26651708698959264,0.9527343971328847,descriptive_interval_includes_0.5,Descriptive Wilson-derived bounds; this is not an equivalence or hypothesis test.
species,Melinaea satevis,True,9,5,0.5555555555555556,False,9,3,6,3,1.0,0.4385029682449546,1.0,4,0.6666666666666666,0.299993315138392,0.9032285888942195,7,0.7777777777777778,0.45258896910698887,0.9367748928821533,0.8333333333333333,0.3692481416916733,0.9516142944471098,descriptive_interval_includes_0.5,Descriptive Wilson-derived bounds; this is not an equivalence or hypothesis test.,5,2,3,2,1.0,0.34238022750665303,1.0,2,0.6666666666666666,0.2076596008020477,0.9385080552796037,4,0.8,0.37553462976252533,0.9637758913675698,0.8333333333333333,0.27501991415435034,0.9692540276398018,descriptive_interval_includes_0.5,Descriptive Wilson-derived bounds; this is not an equivalence or hypothesis test.
species,Methona confusa,True,28,20,0.7142857142857143,False,28,6,22,0,0.0,2.7755575615628914e-17,0.3903342879021653,19,0.8636363636363636,0.6666501283342828,0.9525099628594474,19,0.6785714285714286,0.49338843180857617,0.8206675307750504,0.4318181818181818,0.3333250641671414,0.6714221253808064,descriptive_interval_includes_0.5,Descriptive Wilson-derived bounds; this is not an equivalence or hypothesis test.,20,5,15,0,0.0,0.0,0.43448246478317476,15,1.0,0.7961166989641515,1.0,15,0.75,0.531299122381256,0.8881382985923343,0.5,0.39805834948207575,0.7172412323915873,descriptive_interval_includes_0.5,Descriptive Wilson-derived bounds; this is not an equivalence or hypothesis test.
species,Methona grandior,True,9,4,0.4444444444444444,False,9,4,5,4,1.0,0.5101091635454027,1.0,3,0.6,0.2307242812760128,0.882379225767352,7,0.7777777777777778,0.45258896910698887,0.9367748928821533,0.8,0.3704167224107078,0.941189612883676,descriptive_interval_includes_0.5,Descriptive Wilson-derived bounds; this is not an equivalence or hypothesis test.,4,2,2,2,1.0,0.34238022750665303,1.0,2,1.0,0.34238022750665303,1.0,4,1.0,0.5101091635454027,1.0,1.0,0.34238022750665303,1.0,descriptive_interval_includes_0.5,Descriptive Wilson-derived bounds; this is not an equivalence or hypothesis test.
species,Napeogenes duessa,True,8,6,0.75,False,8,3,5,3,1.0,0.4385029682449546,1.0,4,0.8,0.37553462976252533,0.9637758913675698,7,0.875,0.5291118177871464,0.9775825085499433,0.9,0.40701879900373994,0.9818879456837849,descriptive_interval_includes_0.5,Descriptive Wilson-derived bounds; this is not an equivalence or hypothesis test.,6,3,3,3,1.0,0.4385029682449546,1.0,3,1.0,0.4385029682449546,1.0,6,1.0,0.6096657120978346,1.0,1.0,0.4385029682449546,1.0,descriptive_interval_includes_0.5,Descriptive Wilson-derived bounds; this is not an equivalence or hypothesis test.
species,Napeogenes inachia,True,23,18,0.782608695652174,False,23,18,5,16,0.8888888888888888,0.672002348698212,0.9689804773543876,2,0.4,0.11762077423264783,0.769275718723987,18,0.782608695652174,0.5809651698373599,0.9033602197341379,0.6444444444444444,0.3948115614654299,0.8691280980391873,descriptive_interval_includes_0.5,Descriptive Wilson-derived bounds; this is not an equivalence or hypothesis test.,18,17,1,16,0.9411764705882353,0.7301796936242461,0.9895395990150025,1,1.0,0.20654931437723745,1.0,17,0.9444444444444444,0.7424269921812741,0.990124809021697,0.9705882352941176,0.46836450400074175,0.9947697995075013,descriptive_interval_includes_0.5,Descriptive Wilson-derived bounds; this is not an equivalence or hypothesis test.
species,Napeogenes sylphis,True,21,14,0.6666666666666666,False,21,14,7,12,0.8571428571428571,0.6005862050302965,0.9599060787285351,7,1.0,0.6456695649333126,1.0,19,0.9047619047619048,0.7108586092608176,0.9734812325619255,0.9285714285714286,0.6231278849818045,0.9799530393642675,descriptive_interval_above_0.5,Descriptive Wilson-derived bounds; this is not an equivalence or hypothesis test.,14,9,5,8,0.8888888888888888,0.5650002944233439,0.9801091123614551,5,1.0,0.5655175352168251,1.0,13,0.9285714285714286,0.6853129557584889,0.9872777847521093,0.9444444444444444,0.5652589148200845,0.9900545561807276,descriptive_interval_above_0.5,Descriptive Wilson-derived bounds; this is not an equivalence or hypothesis test.
species,Oleria amalda,True,23,21,0.9130434782608695,False,23,10,13,10,1.0,0.7224672001371107,0.9999999999999999,13,1.0,0.7719046276458016,0.9999999999999999,23,1.0,0.8568833815495731,1.0,1.0,0.7471859138914562,0.9999999999999999,descriptive_interval_above_0.5,Descriptive Wilson-derived bounds; this is not an equivalence or hypothesis test.,21,9,12,9,1.0,0.7008549515804559,1.0,12,1.0,0.7575059933447592,1.0,21,1.0,0.8453609810751531,1.0,1.0,0.7291804724626075,1.0,descriptive_interval_above_0.5,Descriptive Wilson-derived bounds; this is not an equivalence or hypothesis test.
species,Oleria baizana,True,50,49,0.98,False,50,13,37,13,1.0,0.7719046276458016,0.9999999999999999,36,0.972972972972973,0.861759301362695,0.9952130255480596,49,0.98,0.8950455641036219,0.9964607407283539,0.9864864864864865,0.8168319645042483,0.9976065127740297,descriptive_interval_above_0.5,Descriptive Wilson-derived bounds; this is not an equivalence or hypothesis test.,49,12,37,12,1.0,0.7575059933447592,1.0,36,0.972972972972973,0.861759301362695,0.9952130255480596,48,0.9795918367346939,0.8930647847660838,0.9963883274101746,0.9864864864864865,0.8096326473537271,0.9976065127740298,descriptive_interval_above_0.5,Descriptive Wilson-derived bounds; this is not an equivalence or hypothesis test.
species,Oleria cyrene,True,13,9,0.6923076923076923,False,13,8,5,8,1.0,0.6755924351161198,1.0,2,0.4,0.11762077423264783,0.769275718723987,10,0.7692307692307693,0.49743624053272495,0.9182047128150143,0.7,0.3966066046743838,0.8846378593619935,descriptive_interval_includes_0.5,Descriptive Wilson-derived bounds; this is not an equivalence or hypothesis test.,9,7,2,7,1.0,0.6456695649333126,1.0,2,1.0,0.34238022750665303,1.0,9,1.0,0.7008549515804559,1.0,1.0,0.4940248962199828,1.0,descriptive_interval_includes_0.5,Descriptive Wilson-derived bounds; this is not an equivalence or hypothesis test.
species,Oleria gunilla,True,34,23,0.6764705882352942,False,34,7,27,4,0.5714285714285714,0.2504583645276572,0.8417801447485302,26,0.9629629629629629,0.8171653406642414,0.9934318540192149,30,0.8823529411764706,0.7337915722962817,0.9532855333511766,0.7671957671957672,0.5338118525959493,0.9176059993838726,descriptive_interval_above_0.5,Descriptive Wilson-derived bounds; this is not an equivalence or hypothesis test.,23,1,22,1,1.0,0.20654931437723745,1.0,22,1.0,0.8513451253913791,1.0,23,1.0,0.8568833815495731,1.0,1.0,0.5289472198843083,1.0,descriptive_interval_above_0.5,Descriptive Wilson-derived bounds; this is not an equivalence or hypothesis test.
species,Oleria onega,True,22,19,0.8636363636363636,False,22,2,20,1,0.5,0.09453120573423074,0.9054687942657693,19,0.95,0.763868806553258,0.9911185511992047,20,0.9090909090909091,0.7218505315839417,0.9747045710090046,0.725,0.4292000061437443,0.948293672732487,descriptive_interval_includes_0.5,Descriptive Wilson-derived bounds; this is not an equivalence or hypothesis test.,19,0,19,0,,,,19,1.0,0.8318207759473837,1.0,19,1.0,0.8318207759473837,1.0,,,,insufficient_both_sexes,Descriptive Wilson-derived bounds; this is not an equivalence or hypothesis test.
species,Oleria tigilla,True,24,14,0.5833333333333334,False,24,6,18,4,0.6666666666666666,0.299993315138392,0.9032285888942195,16,0.8888888888888888,0.672002348698212,0.9689804773543876,20,0.8333333333333334,0.6414692935030095,0.9332132367136705,0.7777777777777777,0.485997831918302,0.9361045331243036,descriptive_interval_includes_0.5,Descriptive Wilson-derived bounds; this is not an equivalence or hypothesis test.,14,5,9,3,0.6,0.2307242812760128,0.882379225767352,9,1.0,0.7008549515804559,1.0,12,0.8571428571428571,0.6005862050302965,0.9599060787285351,0.8,0.46578961642823435,0.941189612883676,descriptive_interval_includes_0.5,Descriptive Wilson-derived bounds; this is not an equivalence or hypothesis test.
species,Oleria tremona,True,12,11,0.9166666666666666,False,12,4,8,4,1.0,0.5101091635454027,1.0,8,1.0,0.6755924351161198,1.0,12,1.0,0.7575059933447592,1.0,1.0,0.5928507993307612,1.0,descriptive_interval_above_0.5,Descriptive Wilson-derived bounds; this is not an equivalence or hypothesis test.,11,3,8,3,1.0,0.4385029682449546,1.0,8,1.0,0.6755924351161198,1.0,11,1.0,0.7411670330319684,1.0,1.0,0.5570477016805372,1.0,descriptive_interval_above_0.5,Descriptive Wilson-derived bounds; this is not an equivalence or hypothesis test.
species,Oleria zelica,True,18,16,0.8888888888888888,False,18,3,15,2,0.6666666666666666,0.2076596008020477,0.9385080552796037,15,1.0,0.7961166989641515,1.0,17,0.9444444444444444,0.7424269921812741,0.990124809021697,0.8333333333333333,0.5018881498830996,0.9692540276398018,descriptive_interval_above_0.5,Descriptive Wilson-derived bounds; this is not an equivalence or hypothesis test.,16,1,15,1,1.0,0.20654931437723745,1.0,15,1.0,0.7961166989641515,1.0,16,1.0,0.8063923194655637,1.0,1.0,0.5013330066706945,1.0,descriptive_interval_above_0.5,Descriptive Wilson-derived bounds; this is not an equivalence or hypothesis test.
species,Pseudoscada florula,True,40,32,0.8,False,40,13,27,10,0.7692307692307693,0.49743624053272495,0.9182047128150143,26,0.9629629629629629,0.8171653406642414,0.9934318540192149,36,0.9,0.7694822477247771,0.9604204713173936,0.8660968660968661,0.6573007905984831,0.9558182834171145,descriptive_interval_above_0.5,Descriptive Wilson-derived bounds; this is not an equivalence or hypothesis test.,32,9,23,8,0.8888888888888888,0.5650002944233439,0.9801091123614551,23,1.0,0.8568833815495731,1.0,31,0.96875,0.8425573617998744,0.9944621398359969,0.9444444444444444,0.7109418379864585,0.9900545561807276,descriptive_interval_above_0.5,Descriptive Wilson-derived bounds; this is not an equivalence or hypothesis test.
species,Pseudoscada timna,True,14,11,0.7857142857142857,False,14,6,8,6,1.0,0.6096657120978346,1.0,8,1.0,0.6755924351161198,1.0,14,1.0,0.7846891972623643,1.0,1.0,0.6426290736069772,1.0,descriptive_interval_above_0.5,Descriptive Wilson-derived bounds; this is not an equivalence or hypothesis test.,11,5,6,5,1.0,0.5655175352168251,1.0,6,1.0,0.6096657120978346,1.0,11,1.0,0.7411670330319684,1.0,1.0,0.5875916236573299,1.0,descriptive_interval_above_0.5,Descriptive Wilson-derived bounds; this is not an equivalence or hypothesis test.
species,Pseudoscada troetschi,True,13,9,0.6923076923076923,False,13,10,3,10,1.0,0.7224672001371107,0.9999999999999999,3,1.0,0.4385029682449546,1.0,13,1.0,0.7719046276458016,0.9999999999999999,1.0,0.5804850841910327,1.0,descriptive_interval_above_0.5,Descriptive Wilson-derived bounds; this is not an equivalence or hypothesis test.,9,8,1,8,1.0,0.6755924351161198,1.0,1,1.0,0.20654931437723745,1.0,9,1.0,0.7008549515804559,1.0,1.0,0.4410708747466786,1.0,descriptive_interval_includes_0.5,Descriptive Wilson-derived bounds; this is not an equivalence or hypothesis test.
species,Pteronymia alina,True,16,11,0.6875,False,16,9,7,9,1.0,0.7008549515804559,1.0,7,1.0,0.6456695649333126,1.0,16,1.0,0.8063923194655637,1.0,1.0,0.6732622582568842,1.0,descriptive_interval_above_0.5,Descriptive Wilson-derived bounds; this is not an equivalence or hypothesis test.,11,6,5,6,1.0,0.6096657120978346,1.0,5,1.0,0.5655175352168251,1.0,11,1.0,0.7411670330319684,1.0,1.0,0.5875916236573299,1.0,descriptive_interval_above_0.5,Descriptive Wilson-derived bounds; this is not an equivalence or hypothesis test.
species,Pteronymia primula,True,11,8,0.7272727272727273,False,11,8,3,7,0.875,0.5291118177871464,0.9775825085499433,2,0.6666666666666666,0.2076596008020477,0.9385080552796037,9,0.8181818181818182,0.523019438039156,0.9486323102539149,0.7708333333333333,0.3683857092945971,0.9580452819147736,descriptive_interval_includes_0.5,Descriptive Wilson-derived bounds; this is not an equivalence or hypothesis test.,8,5,3,5,1.0,0.5655175352168251,1.0,2,0.6666666666666666,0.2076596008020477,0.9385080552796037,7,0.875,0.5291118177871464,0.9775825085499433,0.8333333333333333,0.3865885680094364,0.9692540276398018,descriptive_interval_includes_0.5,Descriptive Wilson-derived bounds; this is not an equivalence or hypothesis test.
species,Pteronymia vestilla,True,15,11,0.7333333333333333,False,15,5,10,5,1.0,0.5655175352168251,1.0,10,1.0,0.7224672001371107,0.9999999999999999,15,1.0,0.7961166989641515,1.0,1.0,0.6439923676769679,1.0,descriptive_interval_above_0.5,Descriptive Wilson-derived bounds; this is not an equivalence or hypothesis test.,11,3,8,3,1.0,0.4385029682449546,1.0,8,1.0,0.6755924351161198,1.0,11,1.0,0.7411670330319684,1.0,1.0,0.5570477016805372,1.0,descriptive_interval_above_0.5,Descriptive Wilson-derived bounds; this is not an equivalence or hypothesis test.
species,Scada reckia,True,4,3,0.75,False,4,2,2,2,1.0,0.34238022750665303,1.0,1,0.5,0.09453120573423074,0.9054687942657693,3,0.75,0.30064184258240184,0.9544127391902995,0.75,0.2184557166204419,0.9527343971328847,descriptive_interval_includes_0.5,Descriptive Wilson-derived bounds; this is not an equivalence or hypothesis test.,3,2,1,2,1.0,0.34238022750665303,1.0,0,0.0,0.0,0.7934506856227626,2,0.6666666666666666,0.2076596008020477,0.9385080552796037,0.5,0.17119011375332652,0.8967253428113813,descriptive_interval_includes_0.5,Descriptive Wilson-derived bounds; this is not an equivalence or hypothesis test.
species,Scada zibia,True,36,31,0.8611111111111112,False,36,10,26,10,1.0,0.7224672001371107,0.9999999999999999,24,0.9230769230769231,0.7585844622837095,0.9786449115277238,34,0.9444444444444444,0.8185534279135275,0.9846300133358382,0.9615384615384616,0.7405258312104102,0.9893224557638618,descriptive_interval_above_0.5,Descriptive Wilson-derived bounds; this is not an equivalence or hypothesis test.,31,7,24,7,1.0,0.6456695649333126,1.0,23,0.9583333333333334,0.7975819352134406,0.9926065438344942,30,0.967741935483871,0.838058948352751,0.9942827784745831,0.9791666666666667,0.7216257500733766,0.9963032719172471,descriptive_interval_above_0.5,Descriptive Wilson-derived bounds; this is not an equivalence or hypothesis test.
species,Tithorea harmonia,True,19,12,0.631578947368421,False,19,8,11,6,0.75,0.40927543031016883,0.9285207872478909,9,0.8181818181818182,0.523019438039156,0.9486323102539149,15,0.7894736842105263,0.5666572155618583,0.9149232336708375,0.7840909090909092,0.4661474341746624,0.9385765487509029,descriptive_interval_includes_0.5,Descriptive Wilson-derived bounds; this is not an equivalence or hypothesis test.,12,6,6,5,0.8333333333333334,0.43649717781352987,0.9699466302516935,5,0.8333333333333334,0.43649717781352987,0.9699466302516935,10,0.8333333333333334,0.5519691377470266,0.9530348578161463,0.8333333333333334,0.43649717781352987,0.9699466302516935,descriptive_interval_includes_0.5,Descriptive Wilson-derived bounds; this is not an equivalence or hypothesis test.
genus,Aeria,True,9,6,0.6666666666666666,False,9,4,5,4,1.0,0.5101091635454027,1.0,3,0.6,0.2307242812760128,0.882379225767352,7,0.7777777777777778,0.45258896910698887,0.9367748928821533,0.8,0.3704167224107078,0.941189612883676,descriptive_interval_includes_0.5,Descriptive Wilson-derived bounds; this is not an equivalence or hypothesis test.,6,3,3,3,1.0,0.4385029682449546,1.0,3,1.0,0.4385029682449546,1.0,6,1.0,0.6096657120978346,1.0,1.0,0.4385029682449546,1.0,descriptive_interval_includes_0.5,Descriptive Wilson-derived bounds; this is not an equivalence or hypothesis test.
genus,Brevioleria,True,18,12,0.6666666666666666,False,18,6,12,5,0.8333333333333334,0.43649717781352987,0.9699466302516935,11,0.9166666666666666,0.646120088858883,0.9851349055950829,16,0.8888888888888888,0.672002348698212,0.9689804773543876,0.875,0.5413086333362064,0.9775407679233882,descriptive_interval_above_0.5,Descriptive Wilson-derived bounds; this is not an equivalence or hypothesis test.,12,4,8,4,1.0,0.5101091635454027,1.0,8,1.0,0.6755924351161198,1.0,12,1.0,0.7575059933447592,1.0,1.0,0.5928507993307612,1.0,descriptive_interval_above_0.5,Descriptive Wilson-derived bounds; this is not an equivalence or hypothesis test.
genus,Ceratinia,True,38,27,0.7105263157894737,False,38,24,14,20,0.8333333333333334,0.6414692935030095,0.9332132367136705,9,0.6428571428571429,0.38764423103907397,0.8365526824644587,29,0.7631578947368421,0.607931876367602,0.8700629298294591,0.7380952380952381,0.5145567622710417,0.8848829595890646,descriptive_interval_above_0.5,Descriptive Wilson-derived bounds; this is not an equivalence or hypothesis test.,27,18,9,17,0.9444444444444444,0.7424269921812741,0.990124809021697,6,0.6666666666666666,0.3542021355803963,0.879416181613089,23,0.8518518518518519,0.6752131457218702,0.9408407222375568,0.8055555555555556,0.5483145638808352,0.934770495317393,descriptive_interval_above_0.5,Descriptive Wilson-derived bounds; this is not an equivalence or hypothesis test.
genus,Dryas,True,16,5,0.3125,False,16,8,8,4,0.5,0.21521606221387757,0.7847839377861224,7,0.875,0.5291118177871464,0.9775825085499433,11,0.6875,0.44404355834740666,0.8583535614521796,0.6875,0.372163940000512,0.8811832231680329,descriptive_interval_includes_0.5,Descriptive Wilson-derived bounds; this is not an equivalence or hypothesis test.,5,1,4,0,0.0,0.0,0.7934506856227626,4,1.0,0.5101091635454027,1.0,4,0.8,0.37553462976252533,0.9637758913675698,0.5,0.25505458177270135,0.8967253428113813,descriptive_interval_includes_0.5,Descriptive Wilson-derived bounds; this is not an equivalence or hypothesis test.
genus,Eresia,True,11,4,0.36363636363636365,False,11,4,7,1,0.25,0.04558726080970055,0.6993581574175981,3,0.42857142857142855,0.15821985525146975,0.7495416354723428,4,0.36363636363636365,0.15166471095367573,0.6461988254921511,0.3392857142857143,0.10190355803058515,0.7244498964449704,descriptive_interval_includes_0.5,Descriptive Wilson-derived bounds; this is not an equivalence or hypothesis test.,4,2,2,0,0.0,0.0,0.6576197724933469,0,0.0,0.0,0.6576197724933469,0,0.0,0.0,0.4898908364545973,0.0,0.0,0.6576197724933469,descriptive_interval_includes_0.5,Descriptive Wilson-derived bounds; this is not an equivalence or hypothesis test.
genus,Forbestra,True,26,25,0.9615384615384616,False,26,11,15,11,1.0,0.7411670330319684,1.0,14,0.9333333333333333,0.7018347012621998,0.9881331045067315,25,0.9615384615384616,0.8110722109696524,0.9931780150064564,0.9666666666666667,0.7215008671470842,0.9940665522533658,descriptive_interval_above_0.5,Descriptive Wilson-derived bounds; this is not an equivalence or hypothesis test.,25,10,15,10,1.0,0.7224672001371107,0.9999999999999999,14,0.9333333333333333,0.7018347012621998,0.9881331045067315,24,0.96,0.8045593626380625,0.9929037664980127,0.9666666666666667,0.7121509506996553,0.9940665522533657,descriptive_interval_above_0.5,Descriptive Wilson-derived bounds; this is not an equivalence or hypothesis test.
genus,Godyris,True,62,48,0.7741935483870968,False,62,43,19,43,1.0,0.9179901967742088,1.0,15,0.7894736842105263,0.5666572155618583,0.9149232336708375,58,0.9354838709677419,0.8455248427224711,0.9746270944795592,0.8947368421052632,0.7423237061680336,0.9574616168354187,descriptive_interval_above_0.5,Descriptive Wilson-derived bounds; this is not an equivalence or hypothesis test.,48,38,10,38,1.0,0.908190131774416,0.9999999999999999,10,1.0,0.7224672001371107,0.9999999999999999,48,1.0,0.9258998703338824,0.9999999999999999,1.0,0.8153286659557634,0.9999999999999999,descriptive_interval_above_0.5,Descriptive Wilson-derived bounds; this is not an equivalence or hypothesis test.
genus,Heliconius,True,108,50,0.46296296296296297,False,108,50,58,42,0.84,0.7148578393696501,0.916625793219666,41,0.7068965517241379,0.5798709910321587,0.808218172090378,83,0.7685185185185185,0.6805848684457456,0.8380063642829552,0.7734482758620689,0.6473644152009044,0.862421982655022,descriptive_interval_above_0.5,Descriptive Wilson-derived bounds; this is not an equivalence or hypothesis test.,50,22,28,22,1.0,0.8513451253913791,1.0,23,0.8214285714285714,0.6440857521065705,0.9212149805439572,45,0.9,0.7863976856252035,0.9565242350681096,0.9107142857142857,0.7477154387489748,0.9606074902719786,descriptive_interval_above_0.5,Descriptive Wilson-derived bounds; this is not an equivalence or hypothesis test.
genus,Heterosais,True,8,8,1.0,False,8,3,5,3,1.0,0.4385029682449546,1.0,5,1.0,0.5655175352168251,1.0,8,1.0,0.6755924351161198,1.0,1.0,0.5020102517308899,1.0,descriptive_interval_above_0.5,Descriptive Wilson-derived bounds; this is not an equivalence or hypothesis test.,8,3,5,3,1.0,0.4385029682449546,1.0,5,1.0,0.5655175352168251,1.0,8,1.0,0.6755924351161198,1.0,1.0,0.5020102517308899,1.0,descriptive_interval_above_0.5,Descriptive Wilson-derived bounds; this is not an equivalence or hypothesis test.
genus,Hyalyris,True,10,9,0.9,False,10,6,4,6,1.0,0.6096657120978346,1.0,4,1.0,0.5101091635454027,1.0,10,1.0,0.7224672001371107,0.9999999999999999,1.0,0.5598874378216186,1.0,descriptive_interval_above_0.5,Descriptive Wilson-derived bounds; this is not an equivalence or hypothesis test.,9,6,3,6,1.0,0.6096657120978346,1.0,3,1.0,0.4385029682449546,1.0,9,1.0,0.7008549515804559,1.0,1.0,0.5240843401713946,1.0,descriptive_interval_above_0.5,Descriptive Wilson-derived bounds; this is not an equivalence or hypothesis test.
genus,Hypoleria,True,1,1,1.0,False,1,1,0,1,1.0,0.20654931437723745,1.0,0,,,,1,1.0,0.20654931437723745,1.0,,,,insufficient_both_sexes,Descriptive Wilson-derived bounds; this is not an equivalence or hypothesis test.,1,1,0,1,1.0,0.20654931437723745,1.0,0,,,,1,1.0,0.20654931437723745,1.0,,,,insufficient_both_sexes,Descriptive Wilson-derived bounds; this is not an equivalence or hypothesis test.
genus,Hypomenitis,True,8,5,0.625,False,8,6,2,6,1.0,0.6096657120978346,1.0,2,1.0,0.34238022750665303,1.0,8,1.0,0.6755924351161198,1.0,1.0,0.4760229698022438,1.0,descriptive_interval_includes_0.5,Descriptive Wilson-derived bounds; this is not an equivalence or hypothesis test.,5,3,2,3,1.0,0.4385029682449546,1.0,2,1.0,0.34238022750665303,1.0,5,1.0,0.5655175352168251,1.0,1.0,0.3904415978758038,1.0,descriptive_interval_includes_0.5,Descriptive Wilson-derived bounds; this is not an equivalence or hypothesis test.
genus,Hyposcada,True,26,21,0.8076923076923077,False,26,13,13,12,0.9230769230769231,0.6668604907890041,0.9862895787574435,13,1.0,0.7719046276458016,0.9999999999999999,25,0.9615384615384616,0.8110722109696524,0.9931780150064564,0.9615384615384616,0.7193825592174028,0.9931447893787217,descriptive_interval_above_0.5,Descriptive Wilson-derived bounds; this is not an equivalence or hypothesis test.,21,9,12,8,0.8888888888888888,0.5650002944233439,0.9801091123614551,12,1.0,0.7575059933447592,1.0,20,0.9523809523809523,0.7733063992587743,0.9915440121901737,0.9444444444444444,0.6612531438840515,0.9900545561807276,descriptive_interval_above_0.5,Descriptive Wilson-derived bounds; this is not an equivalence or hypothesis test.
genus,Hypothyris,True,161,137,0.8509316770186336,False,161,116,45,111,0.9568965517241379,0.9030514828405729,0.9814504336338952,39,0.8666666666666667,0.7382269817382293,0.9374285125243192,150,0.9316770186335404,0.8818100526848196,0.9614244163282026,0.9117816091954023,0.8206392322894012,0.9594394730791072,descriptive_interval_above_0.5,Descriptive Wilson-derived bounds; this is not an equivalence or hypothesis test.,137,105,32,102,0.9714285714285714,0.9193437093626844,0.9902361609612977,30,0.9375,0.7985287685584542,0.982689432968359,132,0.9635036496350365,0.9174111125832916,0.9843120097374185,0.9544642857142858,0.8589362389605693,0.9864627969648283,descriptive_interval_above_0.5,Descriptive Wilson-derived bounds; this is not an equivalence or hypothesis test.
genus,Ithomia,True,93,74,0.7956989247311828,True,93,45,48,43,0.9555555555555556,0.8517248923056439,0.9877258732932802,48,1.0,0.9258998703338824,0.9999999999999999,91,0.978494623655914,0.9249453736530886,0.9940825001915952,0.9777777777777779,0.8888123813197631,0.99386293664664,descriptive_interval_above_0.5,Descriptive Wilson-derived bounds; this is not an equivalence or hypothesis test.,74,34,40,34,1.0,0.8984854458466761,0.9999999999999999,40,1.0,0.9123783988027135,1.0,74,1.0,0.950650220603614,1.0,1.0,0.9054319223246948,1.0,descriptive_interval_above_0.5,Descriptive Wilson-derived bounds; this is not an equivalence or hypothesis test.
genus,Mechanitis,True,136,125,0.9191176470588235,True,136,56,80,53,0.9464285714285714,0.8539269093117847,0.9816142186178909,78,0.975,0.9133556701442198,0.9931171067970292,131,0.9632352941176471,0.9168244351957462,0.9841959135804936,0.9607142857142856,0.8836412897280023,0.9873656627074601,descriptive_interval_above_0.5,Descriptive Wilson-derived bounds; this is not an equivalence or hypothesis test.,125,47,78,46,0.9787234042553191,0.8888701895837066,0.996234231961403,77,0.9871794871794872,0.930891429982978,0.9977332682461664,123,0.984,0.9435374990695339,0.9956011998208062,0.9829514457174031,0.9098808097833423,0.9969837501037847,descriptive_interval_above_0.5,Descriptive Wilson-derived bounds; this is not an equivalence or hypothesis test.
genus,Melinaea,True,31,23,0.7419354838709677,False,31,12,19,10,0.8333333333333334,0.5519691377470266,0.9530348578161463,17,0.8947368421052632,0.6860591728889099,0.9706414397011299,27,0.8709677419354839,0.7114759374369357,0.9486571562537085,0.8640350877192983,0.6190141553179682,0.961838148758638,descriptive_interval_above_0.5,Descriptive Wilson-derived bounds; this is not an equivalence or hypothesis test.,23,8,15,7,0.875,0.5291118177871464,0.9775825085499433,14,0.9333333333333333,0.7018347012621998,0.9881331045067315,21,0.9130434782608695,0.7320401892425634,0.9758199955157796,0.9041666666666667,0.6154732595246731,0.9828578065283374,descriptive_interval_above_0.5,Descriptive Wilson-derived bounds; this is not an equivalence or hypothesis test.
genus,Methona,True,37,24,0.6486486486486487,False,37,10,27,4,0.4,0.16818032970623614,0.6873262302663417,22,0.8148148148148148,0.6330131638145156,0.9181929285702346,26,0.7027027027027027,0.5421686408886435,0.8251052135016799,0.6074074074074074,0.4005967467603758,0.8027595794182881,descriptive_interval_includes_0.5,Descriptive Wilson-derived bounds; this is not an equivalence or hypothesis test.,24,7,17,2,0.2857142857142857,0.08221892400405678,0.6410655481673808,17,1.0,0.8156818649911483,1.0,19,0.7916666666666666,0.5952954674681133,0.9075517464714814,0.6428571428571428,0.44895039449760255,0.8205327740836904,descriptive_interval_includes_0.5,Descriptive Wilson-derived bounds; this is not an equivalence or hypothesis test.
genus,Napeogenes,True,52,38,0.7307692307692307,False,52,35,17,31,0.8857142857142857,0.7404853135378618,0.9546482066690264,13,0.7647058823529411,0.5273820188043501,0.9044495567791988,44,0.8461538461538461,0.7247591482358985,0.9199231498321968,0.8252100840336134,0.6339336661711059,0.9295488817241127,descriptive_interval_above_0.5,Descriptive Wilson-derived bounds; this is not an equivalence or hypothesis test.,38,29,9,27,0.9310344827586207,0.7803541984972431,0.9808787338305667,9,1.0,0.7008549515804559,1.0,36,0.9473684210526315,0.8271453786822962,0.9854457918527075,0.9655172413793103,0.7406045750388495,0.9904393669152833,descriptive_interval_above_0.5,Descriptive Wilson-derived bounds; this is not an equivalence or hypothesis test.
genus,Oleria,True,196,162,0.826530612244898,True,196,53,143,46,0.8679245283018868,0.7515974469109508,0.9345214671553674,135,0.9440559440559441,0.8934955947273875,0.9713827646947821,181,0.923469387755102,0.8775828549232166,0.9530756129422623,0.9059902361789154,0.8225465208191691,0.9529521159250748,descriptive_interval_above_0.5,Descriptive Wilson-derived bounds; this is not an equivalence or hypothesis test.,162,38,124,36,0.9473684210526315,0.8271453786822962,0.9854457918527075,123,0.9919354838709677,0.9557320139455229,0.9985749935418747,159,0.9814814814814815,0.9469750571819407,0.9936823701545215,0.9696519524617997,0.8914386963139096,0.9920103926972912,descriptive_interval_above_0.5,Descriptive Wilson-derived bounds; this is not an equivalence or hypothesis test.
genus,Pseudoscada,True,67,52,0.7761194029850746,False,67,29,38,26,0.896551724137931,0.736149189092262,0.9641851086493229,37,0.9736842105263158,0.8650512388404787,0.9953394123142312,63,0.9402985074626866,0.8563049895862846,0.9765406488601809,0.9351179673321235,0.8006002139663704,0.9797622604817771,descriptive_interval_above_0.5,Descriptive Wilson-derived bounds; this is not an equivalence or hypothesis test.,52,22,30,21,0.9545454545454546,0.7820195416134267,0.991930572378736,30,1.0,0.8864866068260312,0.9999999999999999,51,0.9807692307692307,0.8987948887210774,0.9965971919290547,0.9772727272727273,0.8342530742197289,0.995965286189368,descriptive_interval_above_0.5,Descriptive Wilson-derived bounds; this is not an equivalence or hypothesis test.
genus,Pteronymia,True,42,30,0.7142857142857143,False,42,22,20,21,0.9545454545454546,0.7820195416134267,0.991930572378736,19,0.95,0.763868806553258,0.9911185511992047,40,0.9523809523809523,0.8421014760304114,0.9868424750910944,0.9522727272727273,0.7729441740833423,0.9915245617889703,descriptive_interval_above_0.5,Descriptive Wilson-derived bounds; this is not an equivalence or hypothesis test.,30,14,16,14,1.0,0.7846891972623643,1.0,15,0.9375,0.7167126242970107,0.9888806552353576,29,0.9666666666666667,0.8332960900859082,0.9940914096183874,0.96875,0.7507009107796875,0.9944403276176788,descriptive_interval_above_0.5,Descriptive Wilson-derived bounds; this is not an equivalence or hypothesis test.
genus,Scada,True,40,34,0.85,False,40,12,28,12,1.0,0.7575059933447592,1.0,25,0.8928571428571429,0.7280414845132785,0.9628816331707,37,0.925,0.8013576647568946,0.9741639742254119,0.9464285714285714,0.7427737389290189,0.98144081658535,descriptive_interval_above_0.5,Descriptive Wilson-derived bounds; this is not an equivalence or hypothesis test.,34,9,25,9,1.0,0.7008549515804559,1.0,23,0.92,0.7503389104960468,0.9777795987151524,32,0.9411764705882353,0.80906393095719,0.9837173447898772,0.96,0.7255969310382513,0.9888897993575763,descriptive_interval_above_0.5,Descriptive Wilson-derived bounds; this is not an equivalence or hypothesis test.
genus,Tithorea,True,19,12,0.631578947368421,False,19,8,11,6,0.75,0.40927543031016883,0.9285207872478909,9,0.8181818181818182,0.523019438039156,0.9486323102539149,15,0.7894736842105263,0.5666572155618583,0.9149232336708375,0.7840909090909092,0.4661474341746624,0.9385765487509029,descriptive_interval_includes_0.5,Descriptive Wilson-derived bounds; this is not an equivalence or hypothesis test.,12,6,6,5,0.8333333333333334,0.43649717781352987,0.9699466302516935,5,0.8333333333333334,0.43649717781352987,0.9699466302516935,10,0.8333333333333334,0.5519691377470266,0.9530348578161463,0.8333333333333334,0.43649717781352987,0.9699466302516935,descriptive_interval_includes_0.5,Descriptive Wilson-derived bounds; this is not an equivalence or hypothesis test.
